year,symbol,date,entry,stop,t1,outcome,ret_a,tier,n_soft,readiness,behav_score,score,fwd_max_gain,max_draw_pct,exploded,mg_outcome,mg_pre_stop,mg_peak_day,entry_model,fill_reason_sweep,outcome_sweep,entry_sweep,ret_sweep_a,price_bucket,killed_explosion
2025,ACDC,2025-09-25,3.62,3.27,4.04,win,11.5,B,3,50,29,55,61.9,-9.8,True,survived,61.9,24.0,sweep_confirmed,no_sweep,no_sweep,,,2-5,0
2025,ACFN,2025-11-28,12.79,11.55,17.0,no_fill,,B,2,55,15,70,0.0,0.0,False,no_fill,,,sweep_confirmed,no_sweep,no_sweep,,,5-15,0
2025,ACRS,2025-03-27,1.54,1.39,1.83,loss,-9.7,B,3,60,42,65,2.9,-31.8,False,stopped,2.9,3.0,sweep_confirmed,sweep_no_reclaim,sweep_no_reclaim,,,<2,0
2025,AIFA,2025-12-05,2.1,1.9,2.34,win,11.4,B,3,50,59,75,40.3,-21.7,False,stopped,40.3,14.0,sweep_confirmed,sweep_no_reclaim,sweep_no_reclaim,,,2-5,0
2025,AIFF,2025-11-28,1.49,1.35,1.88,loss,-9.7,B,3,70,43,70,7.8,-45.8,False,stopped,0.0,0.0,sweep_confirmed,sweep_no_reclaim,sweep_no_reclaim,,,<2,0
2025,AIRE,2025-06-09,11.43,10.32,14.23,loss,-9.7,B,3,70,33,70,115.2,-69.4,True,stopped,2.6,1.0,sweep_confirmed,rr_too_low,rr_too_low,21.25,,5-15,1
2025,AIXC,2025-02-20,3.05,2.75,4.0,win,31.1,B,3,55,28,75,31.8,-6.6,False,survived,31.8,18.0,sweep_confirmed,no_sweep,no_sweep,,,2-5,0
2025,AKBA,2025-11-28,1.53,1.39,1.89,loss,-9.6,B,3,60,5,70,12.8,-15.2,False,stopped,12.8,15.0,sweep_confirmed,filled,open,1.51,-4.0,<2,0
2025,ALAR,2025-12-19,7.42,6.7,8.78,loss,-9.7,B,2,60,54,90,12.0,-15.3,False,stopped,7.3,2.0,sweep_confirmed,filled,open,7.28,-2.5,5-15,0
2025,AMBR,2025-11-06,1.75,1.58,1.94,loss,-9.7,B,3,50,60,60,80.6,-29.7,True,stopped,5.1,1.0,sweep_confirmed,rr_too_low,rr_too_low,2.47,,<2,1
2025,AOSL,2025-11-28,17.53,15.83,21.95,no_fill,,B,3,50,15,60,0.0,0.0,False,no_fill,,,sweep_confirmed,no_sweep,no_sweep,,,>15,0
2025,ARTL,2025-12-05,4.7,4.24,6.0,loss,-9.7,B,1,60,50,90,19.9,-26.6,False,stopped,13.1,1.0,sweep_confirmed,filled,loss,4.65,-8.7,2-5,0
2025,ATOM,2025-08-27,3.2,2.89,4.0,win,24.9,B,3,50,39,60,67.2,-22.5,True,stopped,67.2,25.0,sweep_confirmed,reclaim_at_end,reclaim_at_end,3.23,,2-5,0
2025,AUR,2025-11-28,3.71,3.35,4.58,no_fill,,B,3,60,18,60,0.0,0.0,False,no_fill,,,sweep_confirmed,no_sweep,no_sweep,,,2-5,0
2025,AXGN,2025-06-24,9.5,8.57,11.0,no_fill,,B,2,70,13,65,0.0,0.0,False,no_fill,,,sweep_confirmed,no_sweep,no_sweep,,,5-15,0
2025,BKYI,2025-04-17,6.39,5.77,8.0,no_fill,,B,3,60,57,75,0.0,0.0,False,no_fill,,,sweep_confirmed,no_sweep,no_sweep,,,5-15,0
2025,BMBL,2025-11-28,3.28,2.96,3.92,no_fill,,B,3,60,13,60,0.0,0.0,False,no_fill,,,sweep_confirmed,no_sweep,no_sweep,,,2-5,0
2025,BMGL,2025-10-20,17.67,15.96,22.0,loss,-9.7,B,3,60,34,85,5.9,-52.5,False,stopped,4.6,5.0,sweep_confirmed,sweep_no_reclaim,sweep_no_reclaim,,,>15,0
2025,BRAG,2025-09-04,2.67,2.41,2.99,win,12.0,B,3,55,5,65,19.9,-8.2,False,survived,19.9,16.0,sweep_confirmed,no_sweep,no_sweep,,,2-5,0
2025,BULL,2025-11-28,7.8,7.04,10.1,open,-2.1,B,3,60,47,70,12.2,-3.4,False,survived,12.2,3.0,sweep_confirmed,no_sweep,no_sweep,,,5-15,0
2025,CDLX,2025-12-12,10.61,9.58,13.2,win,24.4,B,3,60,44,85,46.6,-24.9,False,stopped,46.6,17.0,sweep_confirmed,sweep_no_reclaim,sweep_no_reclaim,,,5-15,0
2025,CLPT,2025-12-19,12.62,11.39,15.56,open,13.7,B,3,70,55,100,15.1,-2.0,False,survived,15.1,8.0,sweep_confirmed,no_sweep,no_sweep,,,5-15,0
2025,CMMB,2025-09-11,3.05,2.75,3.5,loss,-9.7,B,3,55,30,75,17.4,-21.6,False,stopped,0.0,0.0,sweep_confirmed,rr_too_low,rr_too_low,3.48,,2-5,0
2025,CNVS,2025-09-25,3.3,2.98,4.05,loss,-9.7,B,2,70,33,85,7.7,-28.4,False,stopped,3.7,6.0,sweep_confirmed,sweep_no_reclaim,sweep_no_reclaim,,,2-5,0
2025,CNVS,2025-11-28,2.43,2.19,2.95,loss,-9.7,B,2,55,31,85,7.4,-21.4,False,stopped,7.4,2.0,sweep_confirmed,filled,loss,2.44,-10.0,2-5,0
2025,CRDF,2025-09-04,1.96,1.77,2.5,no_fill,,B,3,55,24,65,0.0,0.0,False,no_fill,,,sweep_confirmed,no_sweep,no_sweep,,,<2,0
2025,CRVO,2025-01-14,1.85,1.67,2.43,no_fill,,B,3,65,6,75,0.0,0.0,False,no_fill,,,sweep_confirmed,no_sweep,no_sweep,,,<2,0
2025,CRWV,2025-12-05,67.18,60.65,98.0,win,45.9,B,2,55,31,100,70.4,-5.0,True,survived,70.4,27.0,sweep_confirmed,no_sweep,no_sweep,,,>15,0
2025,CTNT,2025-12-05,247.2,223.2,320.0,loss,-9.7,B,2,55,53,85,7.6,-16.7,False,stopped,7.6,16.0,sweep_confirmed,sweep_no_reclaim,sweep_no_reclaim,,,>15,0
2025,DCOY,2025-10-09,44.99,40.62,60.0,loss,-9.7,B,3,60,66,100,10.2,-81.0,False,stopped,0.0,0.0,sweep_confirmed,filled,loss,44.04,-7.8,>15,0
2025,DJT,2025-08-13,16.45,14.85,20.18,open,3.8,B,3,60,27,70,9.2,-0.6,False,survived,9.2,21.0,sweep_confirmed,no_sweep,no_sweep,,,>15,0
2025,DOGZ,2025-05-09,14.53,13.12,18.0,loss,-9.7,B,3,60,50,75,92.7,-40.6,True,stopped,0.0,0.0,sweep_confirmed,rr_too_low,rr_too_low,16.4,,5-15,1
2025,DOGZ,2025-08-06,7.64,6.9,9.0,win,17.7,B,3,60,47,60,117.1,-10.9,True,stopped,117.1,7.0,sweep_confirmed,no_sweep,no_sweep,,,5-15,0
2025,DRMA,2025-05-02,7.11,6.42,9.9,loss,-9.7,B,3,55,41,90,12.6,-19.2,False,stopped,12.6,6.0,sweep_confirmed,sweep_no_reclaim,sweep_no_reclaim,,,5-15,0
2025,DRMA,2025-12-12,2.41,2.18,2.98,loss,-9.7,B,3,60,36,75,93.4,-40.2,True,stopped,0.4,1.0,sweep_confirmed,filled,loss,2.37,-8.2,2-5,1
2025,DUOL,2025-11-28,171.26,154.63,215.24,loss,-9.7,B,3,70,5,75,4.5,-17.0,False,stopped,4.5,1.0,sweep_confirmed,sweep_no_reclaim,sweep_no_reclaim,,,>15,0
2025,EDBL,2025-09-25,778.68,703.08,948.51,loss,-9.7,B,3,55,69,90,3.4,-39.0,False,stopped,0.0,0.0,sweep_confirmed,sweep_no_reclaim,sweep_no_reclaim,,,>15,0
2025,EMPD,2025-12-19,4.26,3.85,5.24,loss,-9.7,B,3,50,50,45,22.0,-25.3,False,stopped,22.0,24.0,sweep_confirmed,sweep_no_reclaim,sweep_no_reclaim,,,2-5,0
2025,EVGO,2025-02-12,2.75,2.48,3.12,loss,-9.7,B,3,55,42,90,11.1,-20.2,False,stopped,3.6,2.0,sweep_confirmed,filled,loss,2.67,-7.1,2-5,0
2025,EVGO,2025-11-28,2.86,2.59,3.59,open,16.3,B,3,50,39,65,16.6,-0.1,False,survived,16.6,18.0,sweep_confirmed,no_sweep,no_sweep,,,2-5,0
2025,FCEL,2025-05-02,3.78,3.41,4.5,win,19.0,B,3,60,27,65,112.4,-5.3,True,survived,112.4,24.0,sweep_confirmed,no_sweep,no_sweep,,,2-5,0
2025,FEED,2025-09-11,4.85,4.38,6.76,open,-1.0,B,3,70,57,70,5.2,-4.6,False,survived,5.2,2.0,sweep_confirmed,no_sweep,no_sweep,,,2-5,0
2025,FHTX,2025-01-22,4.25,3.84,5.0,win,17.6,B,3,60,14,55,56.6,-9.2,True,survived,56.6,17.0,sweep_confirmed,no_sweep,no_sweep,,,2-5,0
2025,FNGR,2025-08-20,1.4,1.26,1.75,no_fill,,B,3,80,35,100,0.0,0.0,False,no_fill,,,sweep_confirmed,no_sweep,no_sweep,,,<2,0
2025,FTEK,2025-12-29,1.54,1.4,1.88,loss,-9.6,B,3,50,33,45,13.4,-19.0,False,stopped,13.4,2.0,sweep_confirmed,sweep_no_reclaim,sweep_no_reclaim,,,<2,0
2025,GNPX,2025-03-13,15.76,14.23,20.0,loss,-9.7,B,3,80,59,70,38.6,-30.2,False,stopped,0.0,0.0,sweep_confirmed,rr_too_low,rr_too_low,21.6,,>15,0
2025,GOVX,2025-02-20,38.62,34.88,45.0,loss,-9.7,B,3,50,44,60,22.0,-52.7,False,stopped,0.0,0.0,sweep_confirmed,sweep_no_reclaim,sweep_no_reclaim,,,>15,0
2025,GOVX,2025-12-12,9.4,8.49,11.27,loss,-9.7,B,3,60,36,95,-6.3,-73.4,False,stopped,0.0,0.0,sweep_confirmed,sweep_no_reclaim,sweep_no_reclaim,,,5-15,0
2025,GWAV,2025-09-18,6.2,5.6,7.72,loss,-9.7,B,2,90,65,100,14.2,-11.6,False,stopped,0.0,0.0,sweep_confirmed,no_sweep,no_sweep,,,5-15,0
2025,HFFG,2025-11-06,2.16,1.95,2.66,open,4.0,B,2,70,29,90,10.9,-2.9,False,survived,5.9,3.0,sweep_confirmed,no_sweep,no_sweep,,,2-5,0
2025,HIMX,2025-04-17,5.5,4.97,6.81,no_fill,,B,3,50,7,45,0.0,0.0,False,no_fill,,,sweep_confirmed,no_sweep,no_sweep,,,5-15,0
2025,HNST,2025-10-09,3.59,3.25,4.17,loss,-30.4,B,3,70,21,70,4.1,-35.9,False,stopped,3.2,1.0,sweep_confirmed,sweep_no_reclaim,sweep_no_reclaim,,,2-5,0
2025,HUMA,2025-03-20,2.83,2.56,3.5,loss,-28.7,B,3,60,21,75,-20.2,-59.4,False,stopped,0.0,0.0,sweep_confirmed,sweep_no_reclaim,sweep_no_reclaim,,,2-5,0
2025,HUMA,2025-09-11,1.42,1.28,1.73,loss,-9.6,B,3,60,50,85,4.9,-11.3,False,stopped,0.0,0.0,sweep_confirmed,no_sweep,no_sweep,,,<2,0
2025,HUT,2025-04-10,10.34,9.34,12.94,no_fill,,B,3,60,27,65,0.0,0.0,False,no_fill,,,sweep_confirmed,no_sweep,no_sweep,,,5-15,0
2025,IMNN,2025-11-28,3.67,3.31,4.5,loss,-9.7,B,3,80,52,80,14.5,-18.5,False,stopped,0.0,0.0,sweep_confirmed,filled,loss,3.63,-8.8,2-5,0
2025,INAB,2025-07-09,2.11,1.91,2.89,open,3.3,B,3,50,31,50,16.6,-6.2,False,survived,16.6,11.0,sweep_confirmed,no_sweep,no_sweep,,,2-5,0
2025,INLF,2025-12-09,1779.84,1607.04,2227.2,loss,-9.7,B,3,60,27,95,155.3,-36.2,True,stopped,4.8,3.0,sweep_confirmed,filled,loss,1728.0,-7.0,>15,1
2025,INO,2025-11-28,1.77,1.6,2.35,loss,-9.6,B,3,60,29,65,9.6,-16.9,False,stopped,5.1,2.0,sweep_confirmed,sweep_no_reclaim,sweep_no_reclaim,,,<2,0
2025,JAGX,2025-08-06,69.58,62.82,85.0,loss,-9.7,B,2,60,44,50,22.7,-21.0,False,stopped,1.8,1.0,sweep_confirmed,filled,win,69.3,22.7,>15,0
2025,JANX,2025-12-29,14.17,12.8,15.58,loss,-9.7,B,3,50,5,45,9.3,-14.5,False,stopped,9.3,16.0,sweep_confirmed,reclaim_at_end,reclaim_at_end,13.8,,5-15,0
2025,JSPR,2025-02-05,5.41,4.88,8.0,loss,-9.8,B,2,55,5,65,22.4,-26.7,False,stopped,0.0,0.0,sweep_confirmed,filled,loss,5.49,-11.1,5-15,0
2025,JSPR,2025-08-20,2.52,2.28,3.15,loss,-9.7,B,3,50,13,65,5.8,-12.2,False,stopped,5.4,1.0,sweep_confirmed,no_sweep,no_sweep,,,2-5,0
2025,KEQU,2025-04-25,32.14,29.02,38.8,win,20.7,B,3,70,5,75,30.2,-5.6,False,survived,30.2,25.0,sweep_confirmed,no_sweep,no_sweep,,,>15,0
2025,KRRO,2025-12-05,5.36,4.84,12.76,no_fill,,B,2,80,70,85,0.0,0.0,False,no_fill,,,sweep_confirmed,no_sweep,no_sweep,,,5-15,0
2025,KYNB,2025-12-05,8.23,7.43,9.16,open,-4.5,B,3,75,35,80,9.8,-9.1,False,survived,6.3,3.0,sweep_confirmed,no_sweep,no_sweep,,,5-15,0
2025,LASE,2025-03-06,3.3,2.98,4.3,loss,-9.7,B,3,60,31,60,11.3,-30.3,False,stopped,11.3,2.0,sweep_confirmed,sweep_no_reclaim,sweep_no_reclaim,,,2-5,0
2025,LFVN,2025-10-16,8.86,8.0,10.0,loss,-9.7,B,3,50,14,45,1.3,-34.0,False,stopped,0.0,0.0,sweep_confirmed,sweep_no_reclaim,sweep_no_reclaim,,,5-15,0
2025,LITS,2025-10-09,2.35,2.12,2.99,loss,-9.8,B,2,60,44,75,-0.4,-30.6,False,stopped,0.0,0.0,sweep_confirmed,sweep_no_reclaim,sweep_no_reclaim,,,2-5,0
2025,LMB,2025-12-05,67.03,60.52,80.0,no_fill,,B,3,70,5,85,0.0,0.0,False,no_fill,,,sweep_confirmed,no_sweep,no_sweep,,,>15,0
2025,LPTH,2025-04-17,1.66,1.5,2.26,no_fill,,B,3,70,39,90,0.0,0.0,False,no_fill,,,sweep_confirmed,no_sweep,no_sweep,,,<2,0
2025,MBOT,2025-11-13,2.0,1.8,2.35,loss,-9.8,B,3,50,27,45,28.0,-15.0,False,stopped,3.5,1.0,sweep_confirmed,rr_too_low,rr_too_low,2.29,,2-5,0
2025,MSTR,2025-12-05,160.28,144.72,193.53,loss,-9.7,B,3,60,26,65,18.7,-24.4,False,stopped,18.7,17.0,sweep_confirmed,sweep_no_reclaim,sweep_no_reclaim,,,>15,0
2025,NCEL,2025-11-28,3.15,2.85,4.74,loss,-9.7,B,2,90,44,100,11.3,-40.1,False,stopped,0.0,0.0,sweep_confirmed,sweep_no_reclaim,sweep_no_reclaim,,,2-5,0
2025,NEON,2025-10-09,3.34,3.01,4.3,loss,-9.8,B,2,70,55,85,4.3,-42.8,False,stopped,3.4,2.0,sweep_confirmed,sweep_no_reclaim,sweep_no_reclaim,,,2-5,0
2025,NEXM,2025-11-28,3.47,3.13,4.3,win,23.9,B,3,60,22,60,35.7,-2.9,False,survived,35.7,27.0,sweep_confirmed,no_sweep,no_sweep,,,2-5,0
2025,NVCR,2025-08-20,11.2,10.11,12.73,no_fill,,B,3,60,23,60,0.0,0.0,False,no_fill,,,sweep_confirmed,no_sweep,no_sweep,,,5-15,0
2025,NVNO,2025-09-18,24.19,21.84,36.05,loss,-9.7,B,2,90,14,100,10.4,-11.7,False,stopped,8.5,1.0,sweep_confirmed,no_sweep,no_sweep,,,>15,0
2025,ODD,2025-11-20,36.83,33.26,42.81,loss,-9.7,B,3,55,6,85,5.8,-10.2,False,stopped,5.8,1.0,sweep_confirmed,no_sweep,no_sweep,,,>15,0
2025,PDEX,2025-11-13,24.17,21.83,35.75,no_fill,,B,3,55,6,85,0.0,0.0,False,no_fill,,,sweep_confirmed,no_sweep,no_sweep,,,>15,0
2025,POWL,2025-03-13,49.92,45.08,62.32,no_fill,,B,3,50,5,65,0.0,0.0,False,no_fill,,,sweep_confirmed,no_sweep,no_sweep,,,>15,0
2025,PRCH,2025-11-28,9.07,8.19,11.0,loss,-9.7,B,2,50,54,70,9.9,-15.4,False,stopped,9.9,16.0,sweep_confirmed,sweep_no_reclaim,sweep_no_reclaim,,,5-15,0
2025,PTLO,2025-09-18,6.18,5.58,7.0,loss,-9.7,B,3,70,5,65,10.5,-25.0,False,stopped,10.5,8.0,sweep_confirmed,sweep_no_reclaim,sweep_no_reclaim,,,5-15,0
2025,QTTB,2025-01-14,3.08,2.78,3.39,win,10.1,B,3,55,29,65,16.2,-41.6,False,stopped,16.2,6.0,sweep_confirmed,sweep_no_reclaim,sweep_no_reclaim,,,2-5,0
2025,QTTB,2025-03-20,1.85,1.67,2.29,loss,-9.7,B,2,70,26,75,16.0,-25.5,False,stopped,0.0,0.0,sweep_confirmed,rr_too_low,rr_too_low,2.08,,<2,0
2025,QURE,2025-12-19,19.87,17.94,26.95,no_fill,,B,2,60,77,95,0.0,0.0,False,no_fill,,,sweep_confirmed,no_sweep,no_sweep,,,>15,0
2025,RAIL,2025-04-17,4.44,4.01,6.05,no_fill,,B,3,60,27,70,0.0,0.0,False,no_fill,,,sweep_confirmed,no_sweep,no_sweep,,,2-5,0
2025,RAY,2025-10-14,6.59,5.95,8.0,loss,-9.7,B,3,70,85,80,11.7,-78.7,False,stopped,9.3,1.0,sweep_confirmed,sweep_no_reclaim,sweep_no_reclaim,,,5-15,0
2025,RTB,2025-08-06,9.01,8.14,12.6,no_fill,,B,3,50,41,85,0.0,0.0,False,no_fill,,,sweep_confirmed,no_sweep,no_sweep,,,5-15,0
2025,RZLT,2025-04-17,2.28,2.06,3.0,no_fill,,B,3,60,21,60,0.0,0.0,False,no_fill,,,sweep_confirmed,no_sweep,no_sweep,,,2-5,0
2025,RZLV,2025-12-12,2.5,2.26,2.98,win,19.0,B,3,50,65,65,98.5,-12.5,True,stopped,39.0,2.0,sweep_confirmed,no_sweep,no_sweep,,,2-5,1
2025,SATL,2025-11-28,1.29,1.17,1.84,no_fill,,B,3,60,33,70,0.0,0.0,False,no_fill,,,sweep_confirmed,no_sweep,no_sweep,,,<2,0
2025,SEZL,2025-09-11,84.73,76.5,98.2,loss,-9.7,B,3,60,55,75,5.0,-32.2,False,stopped,3.4,9.0,sweep_confirmed,sweep_no_reclaim,sweep_no_reclaim,,,>15,0
2025,SHFS,2025-12-05,1.26,1.13,2.06,loss,-9.7,B,2,70,65,100,24.9,-26.0,False,stopped,0.0,0.0,sweep_confirmed,filled,loss,1.22,-7.0,<2,0
2025,SLXN,2025-10-09,33.48,30.22,46.94,loss,-9.7,B,2,70,35,85,6.3,-36.4,False,stopped,6.3,3.0,sweep_confirmed,sweep_no_reclaim,sweep_no_reclaim,,,>15,0
2025,STRZ,2025-11-24,9.9,8.94,12.0,win,21.2,B,3,70,25,65,31.6,-0.2,False,survived,31.6,5.0,sweep_confirmed,no_sweep,no_sweep,,,5-15,0
2025,TECX,2025-10-02,14.82,13.38,17.64,win,19.0,B,3,60,42,70,75.4,-1.5,True,survived,75.4,18.0,sweep_confirmed,no_sweep,no_sweep,,,5-15,0
2025,TNXP,2025-10-02,24.31,21.95,28.0,loss,-9.7,B,3,60,67,80,4.5,-43.6,False,stopped,1.5,1.0,sweep_confirmed,sweep_no_reclaim,sweep_no_reclaim,,,>15,0
2025,TONX,2025-10-02,6.7,6.04,7.97,loss,-9.7,B,2,60,48,100,5.2,-59.2,False,stopped,0.0,0.0,sweep_confirmed,sweep_no_reclaim,sweep_no_reclaim,,,5-15,0
2025,TTD,2025-09-25,44.39,40.08,55.0,loss,-9.7,B,3,60,5,70,3.6,-13.8,False,stopped,2.5,3.0,sweep_confirmed,sweep_no_reclaim,sweep_no_reclaim,,,>15,0
2025,TTD,2025-12-19,36.72,33.15,41.91,loss,-9.7,B,3,50,5,55,2.9,-32.4,False,stopped,2.9,1.0,sweep_confirmed,sweep_no_reclaim,sweep_no_reclaim,,,>15,0
2025,TVGN,2025-12-19,18.64,16.83,21.5,loss,-9.7,B,3,55,32,75,11.8,-38.3,False,stopped,0.0,0.0,sweep_confirmed,filled,loss,18.2,-7.5,>15,0
2025,TVRD,2025-11-28,3.89,3.52,4.45,win,14.3,B,2,80,19,80,25.6,-3.9,False,survived,25.6,34.0,sweep_confirmed,no_sweep,no_sweep,,,2-5,0
2025,UPLD,2025-04-25,21.12,19.06,26.3,loss,-9.7,B,3,60,27,60,5.1,-20.0,False,stopped,0.0,0.0,sweep_confirmed,sweep_no_reclaim,sweep_no_reclaim,,,>15,0
2025,UPLD,2025-06-24,17.41,15.72,19.68,win,13.1,B,1,50,25,65,124.6,-0.6,True,survived,124.6,37.0,sweep_confirmed,no_sweep,no_sweep,,,>15,0
2025,VERU,2025-11-28,2.17,1.96,2.86,open,19.6,B,2,80,36,95,30.7,-3.4,False,survived,30.7,23.0,sweep_confirmed,no_sweep,no_sweep,,,2-5,0
2025,WBUY,2025-08-27,2.82,2.55,3.63,loss,-9.6,B,3,60,83,90,27.7,-13.5,False,stopped,27.7,22.0,sweep_confirmed,sweep_no_reclaim,sweep_no_reclaim,,,2-5,0
2025,WIMI,2025-11-28,2.75,2.48,3.59,loss,-9.7,B,3,70,26,75,11.6,-16.4,False,stopped,11.6,4.0,sweep_confirmed,filled,loss,2.75,-9.7,2-5,0
2025,WKHS,2025-02-12,71.22,64.31,89.7,loss,-9.7,B,3,60,16,70,5.3,-81.7,False,stopped,2.1,1.0,sweep_confirmed,sweep_no_reclaim,sweep_no_reclaim,,,>15,0
2025,WKHS,2025-10-02,12.98,11.72,15.6,loss,-9.7,B,3,60,61,65,4.5,-51.0,False,stopped,4.5,9.0,sweep_confirmed,sweep_no_reclaim,sweep_no_reclaim,,,5-15,0
2025,WOK,2025-03-24,578860.0,522660.0,685000.0,loss,-9.7,B,2,70,25,90,7.1,-37.6,False,stopped,3.7,1.0,sweep_confirmed,filled,loss,570000.0,-8.3,>15,0
2025,WOOF,2025-03-20,2.35,2.12,2.78,win,18.3,B,3,60,33,45,52.6,-0.4,True,survived,52.6,8.0,sweep_confirmed,no_sweep,no_sweep,,,2-5,0
2025,WOOF,2025-07-01,2.45,2.21,3.15,no_fill,,B,2,55,30,90,0.0,0.0,False,no_fill,,,sweep_confirmed,no_sweep,no_sweep,,,2-5,0
2025,WRD,2025-12-01,7.02,6.34,9.69,no_fill,,B,3,70,28,85,0.0,0.0,False,no_fill,,,sweep_confirmed,no_sweep,no_sweep,,,5-15,0
2025,ZOOZ,2025-11-28,10.14,9.15,13.74,loss,-9.7,B,1,90,59,100,8.9,-27.0,False,stopped,7.1,1.0,sweep_confirmed,filled,loss,10.3,-11.2,5-15,0
2026,ABTC,2026-04-10,11.9,10.74,18.08,no_fill,,B,3,60,34,75,0.0,0.0,False,no_fill,,,sweep_confirmed,no_sweep,no_sweep,,,5-15,0
2026,ALGS,2026-02-26,6.42,5.79,9.08,open,-0.3,B,3,80,65,95,39.8,-7.0,False,survived,39.8,30.0,sweep_confirmed,no_sweep,no_sweep,,,5-15,0
2026,APPS,2026-04-10,2.82,2.55,3.11,win,10.3,B,3,50,44,65,257.1,-2.5,True,survived,257.1,39.0,sweep_confirmed,no_sweep,no_sweep,,,2-5,0
2026,ARQQ,2026-02-26,15.47,13.97,19.09,loss,-9.7,B,3,50,75,75,14.4,-25.5,False,stopped,8.3,2.0,sweep_confirmed,filled,loss,16.23,-13.9,>15,0
2026,ARRY,2026-03-19,6.7,6.05,8.0,win,19.3,B,3,60,28,65,38.0,-2.0,False,survived,38.0,33.0,sweep_confirmed,no_sweep,no_sweep,,,5-15,0
2026,AURE,2026-01-28,2.37,2.14,3.52,loss,-15.6,B,3,60,79,100,48.9,-36.7,False,stopped,0.0,0.0,sweep_confirmed,filled,loss,2.32,-12.9,2-5,0
2026,BBNX,2026-03-19,10.21,9.22,11.96,loss,-9.7,B,3,80,14,75,30.8,-13.8,False,stopped,2.8,2.0,sweep_confirmed,rr_too_low,rr_too_low,10.63,,5-15,0
2026,BIRD,2026-01-06,3.98,3.59,5.69,loss,-9.7,B,3,70,25,75,11.7,-34.6,False,stopped,11.7,2.0,sweep_confirmed,sweep_no_reclaim,sweep_no_reclaim,,,2-5,0
2026,BJDX,2026-03-12,1.75,1.58,2.67,open,-1.7,B,3,60,66,80,21.7,-5.8,False,survived,21.7,6.0,sweep_confirmed,no_sweep,no_sweep,,,<2,0
2026,BMBL,2026-02-26,2.69,2.43,3.41,no_fill,,B,3,60,13,70,0.0,0.0,False,no_fill,,,sweep_confirmed,no_sweep,no_sweep,,,2-5,0
2026,BTAI,2026-02-19,1.4,1.26,1.84,loss,-9.7,B,3,55,60,95,6.4,-27.9,False,stopped,6.4,1.0,sweep_confirmed,sweep_no_reclaim,sweep_no_reclaim,,,<2,0
2026,BTCS,2026-03-05,1.5,1.36,2.13,loss,-9.7,B,3,70,54,100,44.3,-16.9,False,stopped,0.0,0.0,sweep_confirmed,filled,win,1.51,41.1,<2,0
2026,BTOG,2026-02-26,2.45,2.21,3.05,loss,-9.7,B,3,90,67,95,118.4,-28.6,True,stopped,0.0,0.0,sweep_confirmed,filled,win,2.48,23.0,2-5,1
2026,BULL,2026-03-05,5.63,5.09,6.3,loss,-9.7,B,3,50,43,55,33.5,-20.1,False,stopped,0.7,2.0,sweep_confirmed,rr_too_low,rr_too_low,5.82,,5-15,0
2026,CLOV,2026-02-26,2.0,1.8,2.41,loss,-9.8,B,3,55,18,90,27.5,-21.0,False,stopped,11.5,2.0,sweep_confirmed,filled,win,2.03,18.7,2-5,0
2026,CLPT,2026-04-02,8.86,8.0,10.91,win,23.1,B,3,50,51,85,53.4,-6.7,True,survived,53.4,25.0,sweep_confirmed,no_sweep,no_sweep,,,5-15,0
2026,CRBP,2026-01-06,7.86,7.1,8.73,win,11.1,B,3,55,6,85,21.8,-8.4,False,survived,21.8,10.0,sweep_confirmed,no_sweep,no_sweep,,,5-15,0
2026,CRGO,2026-01-13,2.14,1.93,2.5,win,16.8,B,3,50,25,50,35.5,-45.3,False,stopped,35.5,2.0,sweep_confirmed,sweep_no_reclaim,sweep_no_reclaim,,,2-5,0
2026,CRGO,2026-04-10,1.21,1.09,1.8,no_fill,,B,3,55,25,90,0.0,0.0,False,no_fill,,,sweep_confirmed,no_sweep,no_sweep,,,<2,0
2026,CRIS,2026-02-04,15.86,14.32,20.8,loss,-9.7,B,3,55,30,80,4.7,-36.9,False,stopped,3.4,2.0,sweep_confirmed,sweep_no_reclaim,sweep_no_reclaim,,,>15,0
2026,CRVO,2026-02-19,4.53,4.09,5.65,loss,-9.7,B,3,60,25,70,13.0,-22.5,False,stopped,0.0,0.0,sweep_confirmed,filled,loss,4.54,-9.9,2-5,0
2026,CVRX,2026-01-06,7.19,6.49,8.63,loss,-9.7,B,3,70,18,60,20.9,-39.2,False,stopped,0.0,0.0,sweep_confirmed,filled,loss,7.31,-11.2,5-15,0
2026,CYCU,2026-03-02,1.66,1.5,1.85,loss,-19.3,B,3,60,54,70,7.8,-53.6,False,stopped,7.8,7.0,sweep_confirmed,sweep_no_reclaim,sweep_no_reclaim,,,<2,0
2026,CYN,2026-02-26,1.37,1.24,1.72,no_fill,,B,3,55,74,100,0.0,0.0,False,no_fill,,,sweep_confirmed,no_sweep,no_sweep,,,<2,0
2026,DFNS,2026-02-26,1.93,1.74,2.14,win,11.1,B,3,70,71,100,39.1,-78.1,False,stopped,39.1,1.0,sweep_confirmed,sweep_no_reclaim,sweep_no_reclaim,,,<2,0
2026,DOGZ,2026-03-12,1.13,1.02,1.85,open,-0.3,B,2,55,62,90,11.2,-6.5,False,survived,11.2,3.0,sweep_confirmed,no_sweep,no_sweep,,,<2,0
2026,EDIT,2026-01-13,2.01,1.81,2.44,loss,-9.8,B,3,50,24,55,37.6,-17.4,False,stopped,20.9,3.0,sweep_confirmed,filled,win,2.11,15.6,2-5,0
2026,ELDN,2026-01-06,1.48,1.34,1.82,no_fill,,B,3,60,16,90,0.0,0.0,False,no_fill,,,sweep_confirmed,no_sweep,no_sweep,,,<2,0
2026,ENVB,2026-03-12,1.87,1.69,2.16,win,15.3,B,3,60,68,80,320.6,-8.7,True,survived,320.6,29.0,sweep_confirmed,no_sweep,no_sweep,,,<2,0
2026,EVAX,2026-02-19,2.96,2.67,4.24,no_fill,,B,3,55,75,90,0.0,0.0,False,no_fill,,,sweep_confirmed,no_sweep,no_sweep,,,2-5,0
2026,EVGO,2026-04-10,1.69,1.53,2.1,no_fill,,B,3,60,39,95,0.0,0.0,False,no_fill,,,sweep_confirmed,no_sweep,no_sweep,,,<2,0
2026,FGNX,2026-03-19,6.72,6.06,7.95,loss,-9.7,B,3,60,55,75,7.2,-37.8,False,stopped,7.2,1.0,sweep_confirmed,filled,loss,6.62,-8.4,5-15,0
2026,FLUX,2026-01-06,1.28,1.16,2.0,loss,-9.8,B,3,60,35,95,32.5,-21.3,False,stopped,0.0,0.0,sweep_confirmed,filled,loss,1.35,-18.5,<2,0
2026,FRSX,2026-02-11,2.57,2.32,3.18,loss,-9.7,B,3,90,24,85,16.9,-20.1,False,stopped,16.9,16.0,sweep_confirmed,filled,loss,2.5,-7.3,2-5,0
2026,FWDI,2026-01-06,6.68,6.04,8.97,loss,-9.7,B,3,60,43,95,5.3,-39.7,False,stopped,0.1,1.0,sweep_confirmed,sweep_no_reclaim,sweep_no_reclaim,,,5-15,0
2026,FWDI,2026-03-05,4.15,3.75,5.4,open,6.5,B,3,60,41,80,21.4,-0.7,False,survived,21.4,10.0,sweep_confirmed,no_sweep,no_sweep,,,2-5,0
2026,GALT,2026-01-28,2.99,2.7,3.5,loss,-9.7,B,2,55,28,75,17.2,-12.6,False,stopped,10.5,3.0,sweep_confirmed,filled,win,2.93,19.5,2-5,0
2026,GCTK,2026-02-26,1.48,1.34,1.89,loss,-9.7,B,2,90,68,95,12.6,-58.3,False,stopped,0.0,0.0,sweep_confirmed,sweep_no_reclaim,sweep_no_reclaim,,,<2,0
2026,GEOS,2026-03-05,8.86,8.0,10.87,open,5.1,B,1,60,37,80,22.5,-6.0,False,survived,22.5,12.0,sweep_confirmed,no_sweep,no_sweep,,,5-15,0
2026,GNLX,2026-02-19,2.38,2.15,3.15,open,17.1,B,3,60,29,55,21.3,-3.9,False,survived,21.3,13.0,sweep_confirmed,no_sweep,no_sweep,,,2-5,0
2026,GOGO,2026-01-06,4.57,4.13,5.5,loss,-9.7,B,3,70,6,70,18.5,-15.9,False,stopped,9.8,3.0,sweep_confirmed,filled,loss,4.48,-9.4,2-5,0
2026,GOVX,2026-02-04,2.67,2.41,3.05,loss,-9.8,B,3,55,36,80,6.0,-52.8,False,stopped,3.4,3.0,sweep_confirmed,sweep_no_reclaim,sweep_no_reclaim,,,2-5,0
2026,GRI,2026-04-10,2.18,1.97,2.75,open,-0.5,B,3,50,49,75,22.5,-9.6,False,survived,22.5,6.0,sweep_confirmed,no_sweep,no_sweep,,,2-5,0
2026,HIVE,2026-01-06,2.63,2.37,3.52,loss,-9.7,B,3,70,29,95,1.6,-24.2,False,stopped,0.0,0.0,sweep_confirmed,sweep_no_reclaim,sweep_no_reclaim,,,2-5,0
2026,HOLO,2026-02-19,2.08,1.88,2.52,win,21.2,B,3,50,52,60,22.6,-13.5,False,stopped,22.6,12.0,sweep_confirmed,filled,open,2.04,9.8,2-5,0
2026,HUIZ,2026-05-01,1.22,1.1,1.82,loss,-9.7,B,3,55,18,65,12.3,-14.8,False,stopped,9.1,1.0,sweep_confirmed,sweep_no_reclaim,sweep_no_reclaim,,,<2,0
2026,INBS,2026-03-26,3.28,2.96,3.93,loss,-9.7,B,3,50,57,85,58.7,-30.7,True,stopped,0.0,0.0,sweep_confirmed,filled,loss,3.35,-16.9,2-5,1
2026,IXHL,2026-04-02,2.86,2.58,3.14,loss,-9.7,B,3,60,66,80,74.8,-12.9,True,stopped,0.0,0.0,sweep_confirmed,rr_too_low,rr_too_low,2.88,,2-5,1
2026,JANX,2026-01-13,13.66,12.33,15.58,loss,-9.7,B,3,60,5,75,13.4,-11.3,False,stopped,13.4,5.0,sweep_confirmed,no_sweep,no_sweep,,,5-15,0
2026,JFIN,2026-01-06,5.9,5.33,7.32,open,5.8,B,3,60,30,60,13.6,-1.5,False,survived,13.6,13.0,sweep_confirmed,no_sweep,no_sweep,,,5-15,0
2026,JFIN,2026-05-01,3.81,3.44,5.2,loss,-16.3,B,2,55,25,70,12.6,-29.1,False,stopped,12.6,10.0,sweep_confirmed,sweep_no_reclaim,sweep_no_reclaim,,,2-5,0
2026,KG,2026-01-13,8.31,7.51,9.65,no_fill,,B,3,55,25,55,0.0,0.0,False,no_fill,,,sweep_confirmed,no_sweep,no_sweep,,,5-15,0
2026,LENZ,2026-01-13,14.86,13.42,19.02,loss,-9.7,B,3,65,13,90,6.0,-24.6,False,stopped,3.2,1.0,sweep_confirmed,sweep_no_reclaim,sweep_no_reclaim,,,5-15,0
2026,LIDR,2026-02-19,1.41,1.27,1.9,no_fill,,B,3,55,64,95,0.0,0.0,False,no_fill,,,sweep_confirmed,no_sweep,no_sweep,,,<2,0
2026,LNSR,2026-04-10,5.49,4.96,6.25,open,2.0,B,3,75,6,100,11.7,-7.8,False,survived,11.7,18.0,sweep_confirmed,no_sweep,no_sweep,,,5-15,0
2026,LPSN,2026-02-11,2.9,2.62,3.34,loss,-9.7,B,3,60,33,65,18.1,-18.4,False,stopped,0.0,0.0,sweep_confirmed,sweep_no_reclaim,sweep_no_reclaim,,,2-5,0
2026,LX,2026-04-10,1.91,1.73,2.24,win,17.1,B,2,60,18,60,35.1,-6.4,False,survived,35.1,3.0,sweep_confirmed,no_sweep,no_sweep,,,<2,0
2026,MAZE,2026-04-27,25.85,23.34,30.0,loss,-9.7,B,3,65,15,85,9.0,-12.2,False,stopped,9.0,4.0,sweep_confirmed,no_sweep,no_sweep,,,>15,0
2026,MBRX,2026-03-19,1.84,1.66,2.24,no_fill,,B,2,50,66,65,0.0,0.0,False,no_fill,,,sweep_confirmed,no_sweep,no_sweep,,,<2,0
2026,MCRB,2026-04-02,8.35,7.54,10.2,loss,-9.7,B,3,60,69,100,9.4,-21.5,False,stopped,9.4,2.0,sweep_confirmed,sweep_no_reclaim,sweep_no_reclaim,,,5-15,0
2026,MDXG,2026-05-01,3.12,2.82,4.1,no_fill,,B,3,65,5,80,0.0,0.0,False,no_fill,,,sweep_confirmed,no_sweep,no_sweep,,,2-5,0
2026,MNKD,2026-04-02,2.3,2.07,2.97,no_fill,,B,3,60,5,65,0.0,0.0,False,no_fill,,,sweep_confirmed,no_sweep,no_sweep,,,2-5,0
2026,MTVA,2026-03-12,1.38,1.25,1.77,loss,-9.7,B,2,70,53,75,21.0,-27.5,False,stopped,12.3,1.0,sweep_confirmed,filled,loss,1.41,-11.6,<2,0
2026,NAGE,2026-03-12,4.87,4.4,5.62,loss,-9.7,B,3,50,18,60,5.1,-17.0,False,stopped,0.0,0.0,sweep_confirmed,filled,loss,4.74,-8.0,2-5,0
2026,NEON,2026-01-06,1.77,1.6,2.35,open,-5.1,B,3,60,52,65,15.3,-6.2,False,survived,15.3,3.0,sweep_confirmed,no_sweep,no_sweep,,,<2,0
2026,NNE,2026-04-08,19.5,17.6,25.0,no_fill,,B,3,70,77,90,0.0,0.0,False,no_fill,,,sweep_confirmed,no_sweep,no_sweep,,,>15,0
2026,NVNI,2026-02-19,1.47,1.33,1.74,loss,-9.7,B,3,55,95,85,14.3,-34.7,False,stopped,0.0,0.0,sweep_confirmed,rr_too_low,rr_too_low,1.57,,<2,0
2026,NXTS,2026-01-21,10.09,9.11,12.73,loss,-9.7,B,2,60,66,90,8.2,-54.9,False,stopped,1.8,1.0,sweep_confirmed,sweep_no_reclaim,sweep_no_reclaim,,,5-15,0
2026,OCC,2026-01-13,4.14,3.74,5.0,no_fill,,B,3,60,51,85,0.0,0.0,False,no_fill,,,sweep_confirmed,no_sweep,no_sweep,,,2-5,0
2026,OLMA,2026-04-10,13.38,12.08,18.0,loss,-9.7,B,3,55,50,80,10.0,-26.3,False,stopped,6.8,8.0,sweep_confirmed,sweep_no_reclaim,sweep_no_reclaim,,,5-15,0
2026,ORGO,2026-04-10,2.28,2.06,2.71,win,19.0,B,2,80,16,80,22.3,-10.4,False,stopped,19.9,3.0,sweep_confirmed,no_sweep,no_sweep,,,2-5,0
2026,PAYS,2026-02-26,3.23,2.92,4.0,win,23.7,B,3,80,21,70,102.6,-4.7,True,survived,102.6,23.0,sweep_confirmed,no_sweep,no_sweep,,,2-5,0
2026,PCT,2026-03-26,5.27,4.76,6.16,win,16.8,B,2,60,18,70,152.0,-6.5,True,survived,152.0,35.0,sweep_confirmed,no_sweep,no_sweep,,,5-15,0
2026,PEPG,2026-05-01,1.36,1.23,2.08,open,32.4,B,1,55,59,100,44.0,-3.7,False,survived,44.0,9.0,sweep_confirmed,no_sweep,no_sweep,,,<2,0
2026,PGY,2026-03-05,10.83,9.77,13.74,win,26.9,B,2,70,7,85,43.8,-3.9,False,survived,43.8,30.0,sweep_confirmed,no_sweep,no_sweep,,,5-15,0
2026,PONY,2026-04-09,8.49,7.66,10.89,win,28.3,B,2,50,25,45,32.9,-5.9,False,survived,32.9,11.0,sweep_confirmed,no_sweep,no_sweep,,,5-15,0
2026,PTON,2026-03-19,3.76,3.39,4.53,no_fill,,B,3,60,6,70,0.0,0.0,False,no_fill,,,sweep_confirmed,no_sweep,no_sweep,,,2-5,0
2026,QNTM,2026-02-26,3.62,3.27,4.13,loss,-9.7,B,3,60,82,65,78.9,-42.8,True,stopped,7.8,3.0,sweep_confirmed,rr_too_low,rr_too_low,4.73,,2-5,1
2026,QS,2026-03-12,6.58,5.94,7.72,loss,-9.7,B,3,60,45,80,46.8,-10.3,False,stopped,8.2,1.0,sweep_confirmed,no_sweep,no_sweep,,,5-15,0
2026,RAIL,2026-04-02,7.89,7.12,9.1,open,-3.2,B,2,55,21,80,10.5,-5.6,False,survived,6.3,4.0,sweep_confirmed,no_sweep,no_sweep,,,5-15,0
2026,SCLX,2026-02-26,4.93,4.45,5.7,win,15.7,B,3,70,43,75,23.5,-46.9,False,stopped,23.5,8.0,sweep_confirmed,sweep_no_reclaim,sweep_no_reclaim,,,2-5,0
2026,SDST,2026-04-10,2.18,1.97,3.0,loss,-9.7,B,3,60,81,90,23.2,-13.0,False,stopped,3.5,1.0,sweep_confirmed,filled,loss,2.17,-9.1,2-5,0
2026,SGHT,2026-03-26,3.51,3.17,4.46,win,27.1,B,2,60,28,65,61.3,-3.8,True,survived,61.3,25.0,sweep_confirmed,no_sweep,no_sweep,,,2-5,0
2026,SLDP,2026-03-19,3.05,2.75,3.48,loss,-9.7,B,3,50,60,75,37.0,-9.8,False,stopped,5.5,3.0,sweep_confirmed,no_sweep,no_sweep,,,2-5,0
2026,SNWV,2026-04-13,16.76,15.13,18.72,win,11.7,B,3,70,6,80,19.8,-13.4,False,stopped,19.8,10.0,sweep_confirmed,sweep_no_reclaim,sweep_no_reclaim,,,>15,0
2026,TDUP,2026-02-11,4.55,4.11,5.0,win,9.8,B,3,50,52,60,14.9,-32.4,False,stopped,14.9,11.0,sweep_confirmed,sweep_no_reclaim,sweep_no_reclaim,,,2-5,0
2026,TKNO,2026-02-26,1.97,1.78,2.54,no_fill,,B,3,65,49,55,0.0,0.0,False,no_fill,,,sweep_confirmed,no_sweep,no_sweep,,,<2,0
2026,UPLD,2026-01-06,14.32,12.93,17.5,loss,-9.7,B,3,70,17,70,13.9,-51.1,False,stopped,13.9,3.0,sweep_confirmed,sweep_no_reclaim,sweep_no_reclaim,,,5-15,0
2026,VALN,2026-04-17,5.99,5.41,6.87,loss,-9.7,B,3,60,7,60,12.4,-15.5,False,stopped,0.0,0.0,sweep_confirmed,rr_too_low,rr_too_low,6.3,,5-15,0
2026,VERI,2026-03-05,2.73,2.46,3.43,loss,-10.6,B,3,60,41,100,4.7,-40.3,False,stopped,4.7,5.0,sweep_confirmed,sweep_no_reclaim,sweep_no_reclaim,,,2-5,0
2026,WIMI,2026-01-13,2.37,2.14,3.15,loss,-9.7,B,3,70,24,55,10.8,-28.3,False,stopped,0.0,0.0,sweep_confirmed,sweep_no_reclaim,sweep_no_reclaim,,,2-5,0
2026,WKHS,2026-01-06,5.16,4.66,6.59,loss,-9.7,B,3,70,57,85,9.9,-37.6,False,stopped,9.5,1.0,sweep_confirmed,sweep_no_reclaim,sweep_no_reclaim,,,5-15,0
2026,WKHS,2026-03-12,3.32,2.99,3.99,loss,-9.7,B,3,60,54,60,28.5,-30.4,False,stopped,3.4,2.0,sweep_confirmed,filled,win,3.25,22.8,2-5,0
2026,XGN,2026-01-06,5.91,5.34,7.2,loss,-9.7,B,3,55,25,60,11.8,-48.9,False,stopped,0.0,0.0,sweep_confirmed,sweep_no_reclaim,sweep_no_reclaim,,,5-15,0
2026,YYGH,2026-01-06,305.91,276.21,393.0,loss,-11.7,B,3,60,27,75,19.6,-34.3,False,stopped,19.6,6.0,sweep_confirmed,sweep_no_reclaim,sweep_no_reclaim,,,>15,0
2026,ZOOZ,2026-01-13,7.62,6.88,11.2,loss,-9.7,B,3,55,57,65,15.7,-13.4,False,stopped,15.7,3.0,sweep_confirmed,sweep_no_reclaim,sweep_no_reclaim,,,5-15,0
